Fecha,Hora,Temp Ext (°C),Temp Máx,Temp Mín,Humedad Ext (%),Punto Rocío,Vel Vent,Dir Vent,Wind Run,Ráfaga Vent,Dir Ráfaga,Sens Term Wind,Índice Calor,THW Index,Presión (hPa),Lluvia (mm),Int Lluvia,Heat D-D,Cool D-D,Temp Int,Humedad Int,Punto Rocío Int,Heat Int,EMC Int,Densidad Aire Int,Muestras Vent,Tx Vent,Recepción ISS,Intervalo Arc
25/09/26,1:00,13.3,14.7,13.3,83,10.5,0.0,---,0.0,0.0,---,13.3,13.2,13.2,955.0,0.0,0.0,0.208,0.0,22.5,48,10.9,22.0,8.9,0.0693,1403,1,100.0,60
25/09/26,2:00,12.4,13.4,12.4,85,10.0,0.0,---,0.0,0.0,---,12.4,12.4,12.4,955.0,0.0,0.0,0.245,0.0,21.7,49,10.5,20.9,9.05,0.0695,1403,1,100.0,60
25/09/26,3:00,11.6,12.4,11.6,88,9.7,0.0,---,0.0,0.0,---,11.6,11.6,11.6,955.0,0.0,0.0,0.28,0.0,21.1,50,10.3,20.2,9.25,0.0697,1404,1,100.0,60
25/09/26,4:00,10.7,11.6,10.7,90,9.1,0.0,---,0.0,0.0,---,10.7,10.8,10.8,955.0,0.0,0.0,0.317,0.0,20.6,51,10.1,19.8,9.47,0.0698,1402,1,100.0,60
25/09/26,5:00,10.1,10.7,10.1,90,8.5,0.0,---,0.0,0.0,---,10.1,10.2,10.2,955.0,0.0,0.0,0.345,0.0,20.0,51,9.6,19.3,9.49,0.07,1403,1,100.0,60
25/09/26,6:00,10.2,10.3,10.0,89,8.4,0.0,---,0.0,0.0,---,10.2,10.3,10.3,955.0,0.0,0.0,0.34,0.0,19.6,51,9.2,18.8,9.5,0.0701,1403,1,100.0,60
25/09/26,7:00,9.9,10.2,9.9,91,8.5,0.0,---,0.0,0.0,---,9.9,10.1,10.1,955.0,0.0,0.0,0.352,0.0,19.7,51,9.3,18.9,9.5,0.0701,1403,1,100.0,60
25/09/26,8:00,11.3,11.3,9.9,90,9.7,0.0,---,0.0,0.0,---,11.3,11.4,11.4,955.0,0.0,0.0,0.294,0.0,19.5,52,9.4,18.8,9.71,0.0701,1405,1,100.0,60
25/09/26,9:00,16.7,16.7,11.3,76,12.5,0.0,---,0.0,0.0,---,16.7,16.6,16.6,955.0,0.0,0.0,0.067,0.0,19.7,53,9.9,19.1,9.9,0.07,1403,1,100.0,60
25/09/26,10:00,23.5,23.5,16.7,59,15.0,0.0,---,0.0,0.0,---,23.5,23.7,23.7,955.0,0.0,0.0,0.0,0.215,20.9,54,11.2,20.2,9.97,0.0697,1404,1,100.0,60
25/09/26,11:00,28.1,28.1,23.5,44,14.7,0.0,---,0.0,0.0,---,28.1,27.8,27.8,955.0,0.0,0.0,0.0,0.405,22.2,54,12.5,21.9,9.91,0.0693,1405,1,100.0,60
25/09/26,12:00,31.7,31.7,28.1,37,15.2,0.0,---,0.0,0.0,---,31.7,31.5,31.5,955.0,0.0,0.0,0.0,0.556,23.7,53,13.6,23.8,9.66,0.0689,1404,1,100.0,60
25/09/26,13:00,33.7,33.8,31.7,31,14.2,0.0,---,0.0,0.0,---,33.7,33.2,33.2,955.0,0.0,0.0,0.0,0.641,25.3,51,14.4,25.3,9.35,0.0684,1404,1,100.0,60
25/09/26,14:00,35.3,35.3,33.7,26,12.9,0.0,---,0.0,0.0,---,35.3,34.4,34.4,955.0,0.0,0.0,0.0,0.708,26.0,50,14.8,26.0,9.17,0.0682,1401,1,100.0,60
25/09/26,15:00,36.2,36.2,35.3,26,13.6,0.0,---,0.0,0.0,---,36.2,35.6,35.6,955.0,0.0,0.0,0.0,0.743,27.3,47,15.0,27.3,8.63,0.0679,1402,1,100.0,60
25/09/26,16:00,37.4,37.4,36.2,25,14.1,0.0,---,0.0,0.0,---,37.4,37.1,37.1,955.0,0.0,0.0,0.0,0.796,28.4,45,15.3,28.3,8.29,0.0677,1402,1,100.0,60
25/09/26,17:00,37.4,37.9,37.2,25,14.0,0.0,---,0.0,0.0,---,37.4,37.1,37.1,955.0,0.0,0.0,0.0,0.794,29.4,44,15.9,29.5,8.15,0.0674,1403,1,100.0,60
25/09/26,18:00,36.3,37.4,36.3,28,14.9,0.0,---,0.0,0.0,---,36.3,36.2,36.2,955.0,0.0,0.0,0.0,0.748,29.9,43,16.0,30.1,7.95,0.0673,1402,1,100.0,60
25/09/26,19:00,32.6,36.2,32.6,35,15.1,0.0,---,0.0,0.0,---,32.6,32.3,32.3,955.0,0.0,0.0,0.0,0.593,29.7,42,15.4,29.6,7.84,0.0674,1401,1,100.0,60
25/09/26,20:00,26.4,32.6,26.4,50,15.1,0.0,---,0.0,0.0,---,26.4,26.4,26.4,955.0,0.0,0.0,0.0,0.336,28.6,44,15.1,28.4,8.15,0.0676,1403,1,100.0,60
25/09/26,21:00,23.6,26.4,23.3,60,15.4,0.0,---,0.0,0.0,---,23.6,23.8,23.8,955.0,0.0,0.0,0.0,0.22,27.7,45,14.7,27.5,8.31,0.0679,1405,1,100.0,60
25/09/26,22:00,22.2,24.1,22.2,65,15.3,0.0,---,0.0,0.0,---,22.2,22.3,22.3,955.0,0.0,0.0,0.0,0.16,27.0,47,14.7,26.9,8.64,0.068,1402,1,100.0,60
25/09/26,23:00,20.9,22.2,20.9,67,14.6,0.0,---,0.0,0.0,---,20.9,20.9,20.9,955.0,0.0,0.0,0.0,0.109,26.6,48,14.6,26.5,8.85,0.0681,1402,1,100.0,60
26/09/26,00:00,19.2,20.9,19.2,72,14.0,0.0,---,0.0,0.0,---,19.2,19.3,19.3,955.0,0.0,0.0,0.0,0.037,26.1,48,14.2,26.0,8.87,0.0683,1402,1,100.0,60
26/09/26,1:00,17.8,19.2,17.8,77,13.7,0.0,---,0.0,0.0,---,17.8,17.9,17.9,955.0,0.0,0.0,0.021,0.0,25.2,50,14.0,25.1,9.2,0.0685,1401,1,100.0,60
26/09/26,2:00,17.4,17.8,17.3,79,13.8,0.0,---,0.0,0.0,---,17.4,17.6,17.6,955.0,0.0,0.0,0.037,0.0,24.5,50,13.4,24.4,9.23,0.0687,1401,1,100.0,60
26/09/26,3:00,15.9,17.4,15.9,84,13.2,0.0,---,0.0,0.0,---,15.9,15.9,15.9,955.0,0.0,0.0,0.1,0.0,23.9,52,13.5,23.9,9.55,0.0688,1404,1,100.0,60
26/09/26,4:00,15.2,15.9,15.2,88,13.2,0.0,---,0.0,0.0,---,15.2,15.2,15.2,955.0,0.0,0.0,0.132,0.0,23.5,53,13.4,23.5,9.68,0.0689,1401,1,100.0,60
26/09/26,5:00,16.3,16.3,15.1,84,13.6,0.0,---,0.0,0.0,---,16.3,16.3,16.3,955.0,0.0,0.0,0.086,0.0,23.2,53,13.1,23.1,9.7,0.069,1402,1,100.0,60
26/09/26,6:00,15.2,16.3,15.2,86,12.8,0.0,---,0.0,0.0,---,15.2,15.2,15.2,955.0,0.0,0.0,0.132,0.0,22.8,54,13.0,22.7,9.89,0.0691,1403,1,100.0,60
26/09/26,7:00,16.7,16.7,15.2,81,13.4,0.0,---,0.0,0.0,---,16.7,16.8,16.8,955.0,0.0,0.0,0.067,0.0,22.8,54,13.0,22.7,9.89,0.0691,1402,1,100.0,60
26/09/26,8:00,18.9,18.9,16.6,76,14.6,0.0,---,0.0,0.0,---,18.9,19.2,19.2,955.0,0.0,0.0,0.0,0.025,22.9,54,13.1,22.8,9.89,0.0691,1404,1,100.0,60
26/09/26,9:00,23.7,23.7,18.9,64,16.5,0.0,---,0.0,0.0,---,23.7,24.1,24.1,955.0,0.0,0.0,0.0,0.222,23.5,54,13.7,23.6,9.86,0.0689,1404,1,100.0,60
26/09/26,10:00,26.3,26.3,23.7,57,17.1,0.0,WSW,0.0,9.7,WSW,26.3,26.8,26.8,955.0,0.0,0.0,0.0,0.333,24.3,54,14.4,24.4,9.83,0.0687,1400,1,100.0,60
26/09/26,11:00,29.5,29.5,26.4,47,17.0,1.6,WSW,1.61,9.7,WSW,29.5,30.0,30.0,955.0,0.0,0.0,0.0,0.465,25.2,53,14.9,25.2,9.65,0.0684,1404,1,100.0,60
26/09/26,12:00,32.7,32.7,29.6,40,17.3,1.6,WSW,1.61,9.7,WSW,32.7,33.4,33.4,955.0,0.0,0.0,0.0,0.597,26.1,53,15.7,26.2,9.65,0.0682,1404,1,100.0,60
26/09/26,13:00,34.4,34.4,32.7,38,18.1,1.6,SW,1.61,6.4,WSW,34.4,35.8,35.8,955.0,0.0,0.0,0.0,0.671,27.0,52,16.3,27.3,9.44,0.0679,1401,1,100.0,60
26/09/26,14:00,36.3,36.4,34.4,36,18.9,0.0,---,0.0,0.0,---,36.3,38.6,38.6,955.0,0.0,0.0,0.0,0.75,27.8,52,17.0,28.3,9.41,0.0677,1402,1,100.0,60
26/09/26,15:00,37.2,37.2,36.3,37,20.0,0.0,---,0.0,0.0,---,37.2,40.5,40.5,955.0,0.0,0.0,0.0,0.785,28.7,51,17.5,29.4,9.28,0.0674,1404,1,100.0,60
26/09/26,16:00,37.7,38.1,36.8,35,19.6,0.0,---,0.0,0.0,---,37.7,40.7,40.7,955.0,0.0,0.0,0.0,0.806,29.5,51,18.3,30.6,9.25,0.0672,1403,1,100.0,60
26/09/26,17:00,37.0,37.7,37.0,38,20.3,0.0,---,0.0,0.0,---,37.0,40.6,40.6,955.0,0.0,0.0,0.0,0.778,30.1,50,18.5,31.3,9.05,0.067,1404,1,100.0,60
26/09/26,18:00,35.6,37.0,35.6,41,20.3,0.0,---,0.0,0.0,---,35.6,38.8,38.8,955.0,0.0,0.0,0.0,0.72,30.4,50,18.8,31.8,9.05,0.0669,1404,1,100.0,60
26/09/26,19:00,33.1,35.6,33.1,47,20.2,0.0,---,0.0,0.0,---,33.1,35.7,35.7,955.0,0.0,0.0,0.0,0.613,30.2,50,18.6,31.4,9.05,0.067,1401,1,100.0,60
26/09/26,20:00,28.3,33.1,28.3,59,19.5,0.0,---,0.0,0.0,---,28.3,29.7,29.7,955.0,0.0,0.0,0.0,0.414,29.4,51,18.2,30.4,9.25,0.0672,1404,1,100.0,60
26/09/26,21:00,25.7,28.3,25.7,70,19.8,0.0,---,0.0,0.0,---,25.7,26.9,26.9,955.0,0.0,0.0,0.0,0.308,28.7,52,17.9,29.6,9.38,0.0674,1401,1,100.0,60
26/09/26,22:00,24.9,25.7,24.8,71,19.3,0.0,---,0.0,0.0,---,24.9,25.8,25.8,955.0,0.0,0.0,0.0,0.273,28.3,52,17.5,28.9,9.39,0.0675,1404,1,100.0,60
26/09/26,23:00,24.8,25.1,24.8,69,18.7,0.0,---,0.0,0.0,---,24.8,25.6,25.6,955.0,0.0,0.0,0.0,0.269,27.9,52,17.2,28.5,9.4,0.0676,1405,1,100.0,60
27/09/26,00:00,22.8,24.8,22.8,76,18.3,0.0,---,0.0,0.0,---,22.8,23.6,23.6,955.0,0.0,0.0,0.0,0.185,27.7,53,17.2,28.2,9.61,0.0677,1403,1,100.0,60
27/09/26,1:00,21.1,22.8,21.1,82,17.9,0.0,---,0.0,0.0,---,21.1,21.9,21.9,955.0,0.0,0.0,0.0,0.113,27.2,54,17.1,27.7,9.75,0.0678,1403,1,100.0,60
27/09/26,2:00,20.8,21.1,20.8,84,18.0,0.0,---,0.0,0.0,---,20.8,21.7,21.7,955.0,0.0,0.0,0.0,0.102,26.9,55,17.1,27.3,9.85,0.0678,1403,1,100.0,60
27/09/26,3:00,20.6,20.8,20.6,84,17.8,0.0,---,0.0,0.0,---,20.6,21.6,21.6,955.0,0.0,0.0,0.0,0.095,26.5,55,16.7,26.8,9.86,0.068,1403,1,100.0,60
27/09/26,4:00,20.2,20.8,20.2,85,17.6,0.0,---,0.0,0.0,---,20.2,21.1,21.1,955.0,0.0,0.0,0.0,0.079,26.2,56,16.7,26.5,10.09,0.068,1403,1,100.0,60
27/09/26,5:00,19.4,20.2,19.3,89,17.5,0.0,---,0.0,0.0,---,19.4,20.2,20.2,955.0,0.0,0.0,0.0,0.044,25.8,57,16.7,26.2,10.21,0.0681,1403,1,100.0,60
27/09/26,6:00,18.3,19.4,18.3,91,16.8,0.0,---,0.0,0.0,---,18.3,19.0,19.0,955.0,0.0,0.0,0.0,0.0,25.6,57,16.4,25.8,10.23,0.0682,1405,1,100.0,60
27/09/26,7:00,18.5,18.5,18.3,91,17.0,0.0,---,0.0,0.0,---,18.5,19.2,19.2,955.0,0.0,0.0,0.0,0.007,25.3,58,16.4,25.6,10.45,0.0683,1403,1,100.0,60
27/09/26,8:00,19.7,19.7,18.4,89,17.9,0.0,---,0.0,0.0,---,19.7,20.6,20.6,955.0,0.0,0.0,0.0,0.058,25.1,58,16.3,25.3,10.46,0.0683,1401,1,100.0,60
27/09/26,9:00,24.8,24.8,19.8,74,19.9,0.0,---,0.0,0.0,---,24.8,25.9,25.9,955.0,0.0,0.0,0.0,0.271,25.7,58,16.8,26.0,10.42,0.0682,1403,1,100.0,60
27/09/26,10:00,29.9,29.9,24.8,58,20.8,0.0,---,0.0,0.0,---,29.9,32.4,32.4,955.0,0.0,0.0,0.0,0.484,26.4,57,17.2,26.8,10.17,0.068,1405,1,100.0,60
27/09/26,11:00,32.8,32.8,29.9,50,21.0,0.0,---,0.0,0.0,---,32.8,36.1,36.1,955.0,0.0,0.0,0.0,0.604,27.3,56,17.7,27.9,10.05,0.0677,1404,1,100.0,60
27/09/26,12:00,34.8,34.8,32.8,46,21.5,0.0,---,0.0,0.0,---,34.8,38.8,38.8,955.0,0.0,0.0,0.0,0.685,28.2,56,18.6,29.2,10.05,0.0674,1403,1,100.0,60
27/09/26,13:00,36.1,36.6,34.8,43,21.5,0.0,---,0.0,0.0,---,36.1,40.4,40.4,955.0,0.0,0.0,0.0,0.738,29.1,55,19.1,30.4,9.85,0.0672,1404,1,100.0,60
27/09/26,14:00,37.4,37.6,36.1,41,21.9,0.0,---,0.0,0.0,---,37.4,42.6,42.6,955.0,0.0,0.0,0.0,0.794,29.8,55,19.8,31.6,9.84,0.0669,1400,1,100.0,60
27/09/26,15:00,38.4,38.4,37.3,42,23.2,0.0,---,0.0,0.0,---,38.4,45.3,45.3,955.0,0.0,0.0,0.0,0.836,30.5,54,20.1,32.7,9.71,0.0667,1405,1,100.0,60
27/09/26,16:00,38.1,38.5,38.1,40,22.2,0.0,---,0.0,0.0,---,38.1,43.7,43.7,955.0,0.0,0.0,0.0,0.824,31.2,54,20.8,34.0,9.69,0.0665,1404,1,100.0,60
27/09/26,17:00,37.7,38.4,37.7,40,21.8,0.0,---,0.0,0.0,---,37.7,42.8,42.8,955.0,0.0,0.0,0.0,0.808,31.8,53,21.1,34.9,9.46,0.0664,1402,1,100.0,60
27/09/26,18:00,35.6,37.8,35.6,49,23.2,0.0,---,0.0,0.0,---,35.6,41.7,41.7,955.0,0.0,0.0,0.0,0.718,31.4,53,20.7,34.2,9.48,0.0665,1405,1,100.0,60
27/09/26,19:00,33.1,35.6,33.1,58,23.7,0.0,---,0.0,0.0,---,33.1,39.1,39.1,955.0,0.0,0.0,0.0,0.613,30.9,54,20.6,33.4,9.7,0.0666,1402,1,100.0,60
27/09/26,20:00,29.8,33.1,29.8,67,23.0,0.0,---,0.0,0.0,---,29.8,34.1,34.1,955.0,0.0,0.0,0.0,0.479,30.4,54,20.0,32.4,9.72,0.0668,1403,1,100.0,60
27/09/26,21:00,28.1,29.8,28.1,74,23.0,0.0,---,0.0,0.0,---,28.1,31.7,31.7,955.0,0.0,0.0,0.0,0.407,29.9,54,19.6,31.7,9.73,0.0669,1405,1,100.0,60
27/09/26,22:00,28.4,28.5,27.9,67,21.7,0.0,---,0.0,0.0,---,28.4,31.1,31.1,955.0,0.0,0.0,0.0,0.419,29.7,55,19.7,31.4,9.84,0.067,1399,1,100.0,60
27/09/26,23:00,27.3,28.4,27.2,69,21.1,0.0,---,0.0,0.0,---,27.3,29.4,29.4,955.0,0.0,0.0,0.0,0.375,29.4,56,19.7,31.1,10.05,0.067,1404,1,100.0,60
28/09/26,00:00,27.4,27.9,27.3,67,20.7,0.0,---,0.0,0.0,---,27.4,29.3,29.3,955.0,0.0,0.0,0.0,0.377,29.1,56,19.4,30.7,10.05,0.0671,1405,1,100.0,60
28/09/26,1:00,26.3,27.4,26.3,71,20.7,0.0,---,0.0,0.0,---,26.3,27.9,27.9,955.0,0.0,0.0,0.0,0.333,28.8,57,19.5,30.3,10.23,0.0672,1400,1,100.0,60
28/09/26,2:00,24.6,26.3,24.5,79,20.7,0.0,---,0.0,0.0,---,24.6,25.8,25.8,955.0,0.0,0.0,0.0,0.259,28.5,57,19.2,29.8,10.22,0.0673,1404,1,100.0,60
28/09/26,3:00,23.9,24.7,23.9,79,20.1,0.0,---,0.0,0.0,---,23.9,25.1,25.1,955.0,0.0,0.0,0.0,0.234,28.2,58,19.2,29.5,10.35,0.0674,1404,1,100.0,60
28/09/26,4:00,24.3,24.3,23.9,78,20.2,0.0,---,0.0,0.0,---,24.3,25.4,25.4,955.0,0.0,0.0,0.0,0.248,27.9,58,18.9,29.1,10.35,0.0674,1404,1,100.0,60
28/09/26,5:00,24.8,24.8,24.3,76,20.3,0.0,---,0.0,0.0,---,24.8,26.1,26.1,955.0,0.0,0.0,0.0,0.271,27.7,58,18.7,28.7,10.35,0.0675,1402,1,100.0,60
28/09/26,6:00,24.9,24.9,24.7,76,20.4,0.0,---,0.0,0.0,---,24.9,26.2,26.2,955.0,0.0,0.0,0.0,0.275,27.5,59,18.8,28.5,10.55,0.0676,1404,1,100.0,60
28/09/26,7:00,23.8,25.0,23.8,81,20.3,0.0,---,0.0,0.0,---,23.8,24.9,24.9,955.0,0.0,0.0,0.0,0.227,27.3,60,18.9,28.3,10.75,0.0676,1401,1,100.0,60
28/09/26,8:00,25.5,25.5,23.6,77,21.2,0.0,---,0.0,0.0,---,25.5,27.1,27.1,955.0,0.0,0.0,0.0,0.299,27.3,64,19.9,28.8,11.53,0.0675,1400,1,100.0,60
28/09/26,9:00,29.2,29.2,25.5,66,22.2,0.0,---,0.0,0.0,---,29.2,32.6,32.6,955.0,0.0,0.0,0.0,0.454,28.1,63,20.4,29.9,11.3,0.0673,1399,1,100.0,60
28/09/26,11:00,33.9,33.9,32.6,55,23.6,0.0,---,0.0,0.0,---,33.9,40.1,40.1,------,0.0,0.0,0.0,0.65,30.3,61,22.0,33.8,10.89,10.89,1109,1,81.1,60
28/09/26,12:00,35.7,35.7,33.9,50,23.7,0.0,---,0.0,0.0,---,35.7,42.4,42.4,------,0.0,0.0,0.0,0.725,30.3,58,21.1,33.1,10.32,10.32,1403,1,100.0,60
28/09/26,13:00,37.2,37.2,35.7,47,24.0,0.0,---,0.0,0.0,---,37.2,44.7,44.7,------,0.0,0.0,0.0,0.785,29.8,57,20.3,31.9,10.23,10.23,1404,1,100.0,60
28/09/26,14:00,37.3,37.4,36.8,45,23.4,0.0,---,0.0,0.0,---,37.3,44.2,44.2,------,0.0,0.0,0.0,0.792,29.1,54,18.9,30.4,9.75,9.75,1405,1,100.0,60
28/09/26,15:00,37.3,37.9,37.3,47,24.1,0.0,---,0.0,0.0,---,37.3,45.2,45.2,------,0.0,0.0,0.0,0.792,28.8,54,18.6,29.9,9.75,9.75,1404,1,100.0,60
28/09/26,16:00,36.4,37.6,36.4,47,23.3,0.0,---,0.0,0.0,---,36.4,42.9,42.9,------,0.0,0.0,0.0,0.755,28.5,53,18.0,29.3,9.58,9.58,1399,1,100.0,60
28/09/26,17:00,35.7,36.5,35.4,50,23.7,0.0,---,0.0,0.0,---,35.7,42.4,42.4,------,0.0,0.0,0.0,0.725,28.3,53,17.8,29.1,9.59,9.59,1404,1,100.0,60
28/09/26,18:00,32.2,35.7,32.2,56,22.3,0.0,---,0.0,0.0,---,32.2,36.5,36.5,------,0.0,0.0,0.0,0.579,27.6,52,16.8,28.0,9.42,9.42,1403,1,100.0,60
28/09/26,19:00,30.1,32.2,30.1,61,21.8,0.0,---,0.0,0.0,---,30.1,33.3,33.3,------,0.0,0.0,0.0,0.491,25.8,49,14.3,25.8,8.98,8.98,1404,1,100.0,60
28/09/26,20:00,28.8,30.1,28.8,66,21.8,0.0,---,0.0,0.0,---,28.8,31.8,31.8,------,0.0,0.0,0.0,0.438,25.5,51,14.6,25.5,9.35,9.35,1402,1,100.0,60
28/09/26,21:00,24.7,28.8,24.5,87,22.4,0.0,---,0.0,0.0,---,24.7,26.3,26.3,------,0.0,0.0,0.0,0.264,28.0,59,19.2,29.3,10.55,10.55,1404,1,100.0,60
28/09/26,22:00,22.0,25.0,21.2,95,21.2,0.0,---,0.0,0.0,---,22.0,23.4,23.4,------,14.2,121.2,0.0,0.153,28.2,61,19.9,29.8,10.95,10.95,1402,1,100.0,60
28/09/26,23:00,21.9,22.1,21.8,95,21.1,0.0,---,0.0,0.0,---,21.9,23.3,23.3,------,3.2,17.6,0.0,0.148,28.2,61,19.9,29.8,10.95,10.95,1402,1,100.0,60
29/09/26,00:00,21.6,21.9,21.6,95,20.7,0.0,---,0.0,0.0,---,21.6,23.0,23.0,------,0.2,6.6,0.0,0.134,28.0,62,20.0,29.7,11.1,11.1,1397,1,100.0,60
29/09/26,1:00,21.7,21.7,21.6,95,20.9,0.0,---,0.0,0.0,---,21.7,23.2,23.2,------,0.0,0.0,0.0,0.141,27.5,65,20.3,29.2,11.72,11.72,1401,1,100.0,60
29/09/26,2:00,21.6,21.8,21.5,96,20.9,0.0,---,0.0,0.0,---,21.6,23.1,23.1,------,0.2,0.0,0.0,0.137,27.2,67,20.6,29.0,12.13,12.13,1399,1,100.0,60
29/09/26,3:00,21.2,21.6,21.2,96,20.6,0.0,---,0.0,0.0,---,21.2,22.7,22.7,------,0.0,0.0,0.0,0.12,26.9,67,20.2,28.4,12.14,12.14,1403,1,100.0,60
29/09/26,4:00,20.8,21.2,20.8,96,20.2,0.0,---,0.0,0.0,---,20.8,22.3,22.3,------,0.0,0.0,0.0,0.104,26.6,68,20.2,28.1,12.35,12.35,1403,1,100.0,60
29/09/26,5:00,20.9,21.0,20.7,96,20.3,0.0,---,0.0,0.0,---,20.9,22.4,22.4,------,0.0,0.0,0.0,0.109,26.3,69,20.2,27.8,12.57,12.57,1398,1,100.0,60
29/09/26,6:00,20.8,21.0,20.7,96,20.1,0.0,---,0.0,0.0,---,20.8,22.2,22.2,------,0.0,0.0,0.0,0.102,26.2,70,20.3,27.7,12.87,12.87,1401,1,100.0,60
29/09/26,7:00,20.4,20.7,20.4,96,19.8,0.0,---,0.0,0.0,---,20.4,21.8,21.8,------,0.0,0.0,0.0,0.088,26.2,69,20.1,27.6,12.58,12.58,1402,1,100.0,60
29/09/26,8:00,19.9,20.4,19.9,95,19.1,0.0,---,0.0,0.0,---,19.9,21.1,21.1,------,0.0,0.0,0.0,0.067,24.9,70,19.1,25.8,12.91,12.91,1401,1,100.0,60
29/09/26,9:00,19.5,19.9,19.5,94,18.5,0.0,---,0.0,0.0,---,19.5,20.5,20.5,------,0.0,0.0,0.0,0.049,24.4,70,18.6,25.2,12.93,12.93,1400,1,100.0,60
29/09/26,10:00,19.6,19.6,19.3,95,18.8,0.0,---,0.0,0.0,---,19.6,20.7,20.7,------,0.0,0.0,0.0,0.053,24.3,70,18.5,25.1,12.93,12.93,1399,1,100.0,60
29/09/26,11:00,20.1,20.1,19.6,92,18.8,0.0,---,0.0,0.0,---,20.1,21.2,21.2,------,0.2,0.0,0.0,0.074,24.5,70,18.7,25.3,12.93,12.93,1398,1,100.0,60
29/09/26,12:00,20.2,20.3,20.1,91,18.7,0.0,---,0.0,0.0,---,20.2,21.3,21.3,------,0.0,0.0,0.0,0.076,24.3,70,18.5,25.1,12.94,12.94,1395,1,100.0,60
29/09/26,13:00,20.6,20.6,20.1,90,18.9,0.0,---,0.0,0.0,---,20.6,21.7,21.7,------,0.0,0.0,0.0,0.093,24.3,69,18.3,25.1,12.72,12.72,1401,1,100.0,60
29/09/26,14:00,20.1,20.6,19.9,89,18.2,0.0,---,0.0,0.0,---,20.1,21.1,21.1,------,0.0,0.0,0.0,0.074,24.7,68,18.4,25.4,12.49,12.49,1400,1,100.0,60
29/09/26,15:00,19.7,20.2,19.7,91,18.2,0.0,---,0.0,0.0,---,19.7,20.7,20.7,------,0.0,0.0,0.0,0.058,24.6,68,18.3,25.2,12.5,12.5,1404,1,100.0,60
29/09/26,16:00,19.0,19.7,19.0,92,17.7,0.0,---,0.0,0.0,---,19.0,19.8,19.8,------,0.0,0.0,0.0,0.028,24.3,68,18.0,25.0,12.52,12.52,1405,1,100.0,60
29/09/26,17:00,18.6,19.0,18.5,91,17.1,0.0,---,0.0,0.0,---,18.6,19.2,19.2,------,0.0,0.0,0.0,0.009,24.1,67,17.5,24.6,12.24,12.24,1402,1,100.0,60
29/09/26,18:00,18.1,18.6,18.1,93,17.0,0.0,---,0.0,0.0,---,18.1,18.8,18.8,------,0.0,0.0,0.009,0.0,23.9,67,17.4,24.4,12.25,12.25,1405,1,100.0,60
29/09/26,19:00,17.8,18.1,17.8,95,17.0,0.0,---,0.0,0.0,---,17.8,18.4,18.4,------,0.4,0.0,0.023,0.0,23.7,67,17.2,24.3,12.26,12.26,1401,1,100.0,60
29/09/26,20:00,17.7,17.8,17.7,96,17.0,0.0,---,0.0,0.0,---,17.7,18.4,18.4,------,0.0,0.0,0.028,0.0,23.8,68,17.5,24.4,12.55,12.55,1395,1,100.0,60
29/09/26,21:00,17.8,17.8,17.6,96,17.2,0.0,---,0.0,0.0,---,17.8,18.6,18.6,953.1,0.0,0.0,0.021,0.0,23.7,68,17.4,24.3,12.55,0.0684,1398,1,100.0,60
29/09/26,22:00,17.9,17.9,17.8,96,17.2,0.0,---,0.0,0.0,---,17.9,18.7,18.7,953.0,0.0,0.0,0.019,0.0,23.6,68,17.3,24.1,12.55,0.0684,1391,1,100.0,60
29/09/26,23:00,18.1,18.1,17.9,96,17.4,0.0,---,0.0,0.0,---,18.1,18.8,18.8,953.0,0.0,0.0,0.012,0.0,23.4,68,17.2,24.0,12.55,0.0685,1398,1,100.0,60
30/09/26,00:00,18.2,18.2,18.1,96,17.5,0.0,---,0.0,0.0,---,18.2,19.0,19.0,954.0,0.0,0.0,0.007,0.0,23.3,68,17.1,23.9,12.55,0.0686,1399,1,100.0,60
30/09/26,1:00,18.1,18.2,18.1,96,17.4,0.0,---,0.0,0.0,---,18.1,18.8,18.8,953.9,0.0,0.0,0.012,0.0,23.2,69,17.2,23.8,12.77,0.0686,1401,1,100.0,60
30/09/26,2:00,18.1,18.1,18.0,96,17.4,0.0,---,0.0,0.0,---,18.1,18.8,18.8,953.9,0.0,0.0,0.012,0.0,23.1,70,17.3,23.7,13.01,0.0686,1401,1,100.0,60
30/09/26,3:00,18.1,18.1,17.9,96,17.4,0.0,---,0.0,0.0,---,18.1,18.8,18.8,953.9,0.0,0.0,0.012,0.0,23.1,71,17.5,23.7,13.31,0.0686,1397,1,100.0,60
30/09/26,4:00,17.6,18.1,17.6,96,17.0,0.0,---,0.0,0.0,---,17.6,18.3,18.3,953.9,0.0,0.0,0.03,0.0,22.9,71,17.4,23.5,13.32,0.0686,1401,1,100.0,60
30/09/26,5:00,17.4,17.6,17.4,96,16.7,0.0,---,0.0,0.0,---,17.4,18.1,18.1,953.9,0.2,0.0,0.039,0.0,22.8,71,17.2,23.3,13.33,0.0687,1396,1,100.0,60
30/09/26,6:00,17.0,17.4,17.0,96,16.4,0.0,---,0.0,0.0,---,17.0,17.6,17.6,953.9,0.8,1.4,0.056,0.0,22.5,71,17.0,22.9,13.35,0.0688,1402,1,100.0,60
30/09/26,7:00,16.7,17.1,16.7,96,16.1,0.0,---,0.0,0.0,---,16.7,17.3,17.3,953.9,0.2,1.0,0.067,0.0,22.5,71,17.0,22.9,13.35,0.0688,1400,1,100.0,60
30/09/26,8:00,16.8,16.8,16.7,96,16.1,0.0,---,0.0,0.0,---,16.8,17.3,17.3,953.9,0.0,0.0,0.065,0.0,21.8,71,16.3,22.1,13.4,0.069,1400,1,100.0,60
30/09/26,9:00,16.7,16.8,16.7,96,16.1,0.0,---,0.0,0.0,---,16.7,17.3,17.3,953.9,0.2,0.0,0.067,0.0,21.6,72,16.3,21.9,13.71,0.0691,1401,1,100.0,60
30/09/26,10:00,16.9,16.9,16.7,96,16.2,0.0,---,0.0,0.0,---,16.9,17.4,17.4,953.9,0.0,0.0,0.06,0.0,21.5,72,16.2,21.8,13.72,0.0691,1403,1,100.0,60
30/09/26,11:00,17.6,17.6,16.8,95,16.7,0.0,---,0.0,0.0,---,17.6,18.2,18.2,953.9,0.0,0.0,0.032,0.0,21.7,72,16.5,22.1,13.71,0.069,1399,1,100.0,60
30/09/26,12:00,17.9,18.0,17.6,95,17.1,0.0,---,0.0,0.0,---,17.9,18.7,18.7,953.9,0.0,0.0,0.016,0.0,22.1,72,16.8,22.4,13.68,0.0689,1405,1,100.0,60
30/09/26,13:00,19.1,19.1,17.9,92,17.7,0.0,---,0.0,0.0,---,19.1,19.9,19.9,953.9,0.0,0.0,0.0,0.03,22.3,72,17.0,22.7,13.67,0.0688,1403,1,100.0,60
30/09/26,14:00,20.5,20.6,19.1,83,17.5,0.0,---,0.0,0.0,---,20.5,21.4,21.4,953.9,0.0,0.0,0.0,0.09,22.8,71,17.3,23.4,13.33,0.0687,1402,1,100.0,60
30/09/26,15:00,20.2,20.6,20.0,88,18.1,0.0,---,0.0,0.0,---,20.2,21.1,21.1,953.9,0.0,0.0,0.0,0.076,23.1,70,17.3,23.6,13.01,0.0686,1403,1,100.0,60
30/09/26,16:00,21.2,21.2,20.1,86,18.7,0.0,---,0.0,0.0,---,21.2,22.2,22.2,953.9,0.0,0.0,0.0,0.118,23.5,70,17.7,24.2,12.98,0.0685,1404,1,100.0,60
30/09/26,17:00,20.7,21.3,20.7,86,18.2,0.0,---,0.0,0.0,---,20.7,21.7,21.7,953.9,0.0,0.0,0.0,0.097,23.8,70,18.0,24.5,12.96,0.0684,1404,1,100.0,60
30/09/26,18:00,19.9,20.7,19.9,87,17.7,0.0,---,0.0,0.0,---,19.9,20.7,20.7,953.9,0.0,0.0,0.0,0.065,23.7,70,17.9,24.3,12.97,0.0684,1403,1,100.0,60
30/09/26,19:00,19.9,20.1,19.9,89,18.0,0.0,---,0.0,0.0,---,19.9,20.8,20.8,953.9,0.0,0.0,0.0,0.065,23.3,69,17.3,23.9,12.77,0.0686,1401,1,100.0,60
30/09/26,20:00,19.4,19.9,19.4,92,18.1,0.0,---,0.0,0.0,---,19.4,20.3,20.3,951.6,0.0,0.0,0.0,0.044,23.1,70,17.3,23.7,13.01,0.0684,1397,1,100.0,60
30/09/26,21:00,19.2,19.4,19.2,92,17.8,0.0,---,0.0,0.0,---,19.2,20.1,20.1,952.2,0.0,0.0,0.0,0.035,23.2,71,17.6,23.8,13.3,0.0684,1400,1,100.0,60
30/09/26,22:00,18.9,19.2,18.8,93,17.7,0.0,---,0.0,0.0,---,18.9,19.7,19.7,952.4,0.0,0.0,0.0,0.023,23.1,71,17.5,23.7,13.31,0.0685,1402,1,100.0,60
30/09/26,23:00,18.7,18.9,18.7,94,17.7,0.0,---,0.0,0.0,---,18.7,19.6,19.6,952.5,0.0,0.0,0.0,0.016,22.8,71,17.3,23.4,13.33,0.0686,1403,1,100.0,60
1/10/26,00:00,18.4,18.7,18.4,94,17.4,0.0,---,0.0,0.0,---,18.4,19.2,19.2,952.5,0.0,0.0,0.0,0.002,22.7,71,17.2,23.3,13.33,0.0686,1398,1,100.0,60
1/10/26,1:00,17.4,18.4,17.4,95,16.6,0.0,---,0.0,0.0,---,17.4,18.1,18.1,952.5,0.0,0.0,0.037,0.0,22.7,71,17.2,23.3,13.33,0.0686,1398,1,100.0,60
1/10/26,2:00,16.9,17.4,16.8,96,16.2,0.0,---,0.0,0.0,---,16.9,17.4,17.4,952.5,0.0,0.0,0.06,0.0,22.4,71,16.9,22.8,13.36,0.0687,1399,1,100.0,60
1/10/26,3:00,17.6,17.6,16.9,96,16.9,0.0,---,0.0,0.0,---,17.6,18.3,18.3,952.5,0.0,0.0,0.032,0.0,22.2,72,16.9,22.6,13.67,0.0688,1399,1,100.0,60
1/10/26,4:00,15.9,17.5,15.9,96,15.3,0.0,---,0.0,0.0,---,15.9,16.4,16.4,952.5,0.0,0.0,0.1,0.0,21.8,71,16.3,22.2,13.4,0.0689,1400,1,100.0,60
1/10/26,5:00,17.1,17.1,15.9,96,16.5,0.0,---,0.0,0.0,---,17.1,17.7,17.7,952.5,0.0,0.0,0.051,0.0,21.7,72,16.5,22.1,13.71,0.0689,1400,1,100.0,60
1/10/26,6:00,17.6,17.6,17.1,96,17.0,0.0,---,0.0,0.0,---,17.6,18.3,18.3,952.5,0.0,0.0,0.03,0.0,21.7,73,16.6,22.1,13.91,0.0689,1400,1,100.0,60
1/10/26,7:00,17.7,17.7,17.6,96,17.0,0.0,---,0.0,0.0,---,17.7,18.4,18.4,952.5,0.0,0.0,0.028,0.0,21.7,73,16.6,22.1,13.91,0.0689,1399,1,100.0,60
1/10/26,8:00,18.1,18.1,17.7,96,17.4,0.0,---,0.0,0.0,---,18.1,18.8,18.8,952.5,0.0,0.0,0.012,0.0,21.7,74,16.9,22.2,14.21,0.0689,1400,1,100.0,60
1/10/26,9:00,19.1,19.1,18.0,93,17.9,0.0,---,0.0,0.0,---,19.1,19.9,19.9,952.5,0.0,0.0,0.0,0.03,21.9,74,17.1,22.4,14.19,0.0688,1401,1,100.0,60
1/10/26,10:00,20.2,20.2,19.1,88,18.2,0.0,---,0.0,0.0,---,20.2,21.2,21.2,952.5,0.0,0.0,0.0,0.079,22.3,73,17.2,22.8,13.87,0.0687,1399,1,100.0,60
1/10/26,11:00,21.6,21.6,20.2,82,18.4,0.0,---,0.0,0.0,---,21.6,22.4,22.4,952.5,0.0,0.0,0.0,0.134,22.8,73,17.7,23.5,13.83,0.0685,1399,1,100.0,60
1/10/26,12:00,22.9,22.9,21.6,76,18.4,0.0,---,0.0,0.0,---,22.9,23.7,23.7,952.5,0.0,0.0,0.0,0.19,23.7,71,18.1,24.4,13.27,0.0683,1404,1,100.0,60
1/10/26,13:00,25.1,25.1,22.4,65,18.1,0.0,---,0.0,0.0,---,25.1,25.7,25.7,952.5,0.0,0.0,0.0,0.282,24.1,70,18.3,24.8,12.94,0.0682,1404,1,100.0,60
1/10/26,14:00,25.2,25.8,24.9,61,17.2,0.0,---,0.0,0.0,---,25.2,25.6,25.6,952.5,0.0,0.0,0.0,0.287,24.6,69,18.5,25.4,12.7,0.068,1404,1,100.0,60
1/10/26,15:00,25.1,25.2,24.5,65,18.0,0.0,---,0.0,0.0,---,25.1,25.7,25.7,952.5,0.0,0.0,0.0,0.28,24.8,67,18.2,25.4,12.22,0.068,1405,1,100.0,60
1/10/26,16:00,23.2,25.1,23.2,72,17.8,0.0,---,0.0,0.0,---,23.2,23.8,23.8,952.5,0.0,0.0,0.0,0.201,25.1,66,18.3,25.7,12.01,0.068,1403,1,100.0,60
1/10/26,17:00,19.9,23.2,19.9,81,16.5,0.0,---,0.0,0.0,---,19.9,20.5,20.5,952.5,0.0,0.0,0.0,0.065,24.4,65,17.4,24.9,11.83,0.0682,1404,1,100.0,60
1/10/26,18:00,18.1,19.9,18.1,86,15.7,0.0,---,0.0,0.0,---,18.1,18.5,18.5,952.5,0.0,0.0,0.009,0.0,23.6,65,16.6,24.1,11.85,0.0684,1405,1,100.0,60
1/10/26,19:00,17.2,18.1,17.2,89,15.3,0.0,---,0.0,0.0,---,17.2,17.5,17.5,952.5,0.0,0.0,0.049,0.0,23.2,65,16.3,23.7,11.85,0.0686,1403,1,100.0,60
1/10/26,20:00,16.3,17.2,16.3,92,15.0,0.0,---,0.0,0.0,---,16.3,16.6,16.6,952.5,0.0,0.0,0.086,0.0,22.8,65,15.9,23.2,11.85,0.0687,1405,1,100.0,60
1/10/26,21:00,16.0,16.3,15.9,93,14.9,0.0,---,0.0,0.0,---,16.0,16.3,16.3,952.5,0.0,0.0,0.097,0.0,22.5,65,15.6,22.7,11.85,0.0688,1401,1,100.0,60
1/10/26,22:00,15.8,16.1,15.8,95,15.0,0.0,---,0.0,0.0,---,15.8,16.2,16.2,952.5,0.2,0.0,0.104,0.0,22.3,66,15.7,22.6,12.11,0.0688,1403,1,100.0,60
1/10/26,23:00,15.8,15.9,15.8,95,15.0,0.0,---,0.0,0.0,---,15.8,16.1,16.1,952.5,0.0,0.0,0.106,0.0,22.4,67,16.0,22.7,12.3,0.0688,1400,1,100.0,60
2/10/26,00:00,15.7,15.8,15.7,96,15.1,0.0,---,0.0,0.0,---,15.7,16.1,16.1,952.5,0.0,0.0,0.109,0.0,22.4,67,16.0,22.7,12.3,0.0688,1398,1,100.0,60
2/10/26,1:00,15.9,15.9,15.7,96,15.3,0.0,---,0.0,0.0,---,15.9,16.4,16.4,952.5,0.0,0.0,0.1,0.0,22.2,67,15.7,22.3,12.31,0.0689,1402,1,100.0,60
2/10/26,2:00,16.0,16.1,15.9,96,15.4,0.0,N,0.0,1.6,N,16.0,16.4,16.4,952.5,0.0,0.0,0.097,0.0,22.0,68,15.8,22.2,12.55,0.0689,1401,1,100.0,60
2/10/26,3:00,15.9,16.0,15.9,96,15.3,0.0,---,0.0,0.0,---,15.9,16.3,16.3,952.5,0.0,0.0,0.102,0.0,21.8,68,15.7,22.0,12.55,0.0689,1401,1,100.0,60
2/10/26,4:00,15.8,15.9,15.8,96,15.1,0.0,---,0.0,0.0,---,15.8,16.2,16.2,952.5,0.0,0.0,0.106,0.0,21.7,69,15.7,21.8,12.83,0.069,1401,1,100.0,60
2/10/26,5:00,15.9,15.9,15.8,96,15.3,0.0,---,0.0,0.0,---,15.9,16.3,16.3,952.5,0.0,0.0,0.102,0.0,21.5,69,15.6,21.7,12.84,0.069,1401,1,100.0,60
2/10/26,6:00,15.9,15.9,15.8,96,15.3,0.0,---,0.0,0.0,---,15.9,16.3,16.3,952.5,0.0,0.0,0.102,0.0,21.4,69,15.5,21.5,12.84,0.0691,1401,1,100.0,60
2/10/26,7:00,15.8,16.0,15.8,96,15.2,0.0,---,0.0,0.0,---,15.8,16.3,16.3,952.5,0.0,0.0,0.104,0.0,21.4,70,15.7,21.6,13.13,0.069,1398,1,100.0,60
2/10/26,8:00,16.0,16.0,15.8,95,15.2,0.0,ENE,0.0,4.8,ENE,16.0,16.4,16.4,952.5,0.0,0.0,0.097,0.0,21.4,69,15.5,21.5,12.84,0.0691,1396,1,100.0,60
2/10/26,9:00,16.1,16.1,15.9,93,14.9,0.0,ENE,0.0,8.0,ESE,16.1,16.4,16.4,952.5,0.0,0.0,0.095,0.0,21.4,68,15.2,21.4,12.55,0.0691,1398,1,100.0,60
2/10/26,10:00,17.3,17.3,16.1,89,15.4,0.0,ENE,0.0,6.4,NE,17.3,17.7,17.7,952.5,0.0,0.0,0.044,0.0,21.7,68,15.5,21.8,12.55,0.069,1399,1,100.0,60
2/10/26,11:00,19.3,19.3,17.3,84,16.6,0.0,---,0.0,0.0,---,19.3,19.9,19.9,952.5,0.0,0.0,0.0,0.042,22.2,67,15.7,22.3,12.31,0.0689,1404,1,100.0,60
2/10/26,12:00,21.2,21.7,19.4,76,16.8,0.0,---,0.0,0.0,---,21.2,21.7,21.7,952.5,0.0,0.0,0.0,0.118,23.1,67,16.6,23.5,12.28,0.0686,1405,1,100.0,60
2/10/26,13:00,22.6,22.8,21.2,73,17.5,0.0,---,0.0,0.0,---,22.6,23.1,23.1,952.5,0.0,0.0,0.0,0.176,23.4,66,16.7,23.9,12.07,0.0685,1404,1,100.0,60
2/10/26,14:00,23.7,23.7,22.4,69,17.7,0.0,---,0.0,0.0,---,23.7,24.4,24.4,952.5,0.0,0.0,0.0,0.225,23.8,66,17.0,24.3,12.05,0.0684,1405,1,100.0,60
2/10/26,15:00,24.5,24.7,23.7,68,18.2,0.0,---,0.0,0.0,---,24.5,25.2,25.2,952.5,0.0,0.0,0.0,0.257,24.3,64,17.0,24.7,11.64,0.0683,1404,1,100.0,60
2/10/26,16:00,23.9,24.6,23.8,71,18.3,0.0,---,0.0,0.0,---,23.9,24.7,24.7,952.5,0.0,0.0,0.0,0.231,24.3,64,17.1,24.8,11.63,0.0682,1402,1,100.0,60
2/10/26,17:00,23.1,24.9,23.1,72,17.8,0.0,---,0.0,0.0,---,23.1,23.8,23.8,952.5,0.0,0.0,0.0,0.199,24.6,64,17.3,25.1,11.63,0.0682,1404,1,100.0,60
